source_id,siglum,kind,title,path,physical_exemplar,independence_status,role,sha256,provenance,coverage,notes
LEGACY-01,L01,modern electronic transcript,root/001.txt,source/intake/root/001.txt,unverified,same derivative lineage,governing provisional transcript,0855bf2bdd2e375270d61b7c95fa8e741c1feff175d647ecf294f611ad37fe2c,https://github.com/Lotus-King-Translation/Gongchig-Drelwa/blob/063eb57bc01767fe1a33d8db50074ca936086f56/root/001.txt,whole text,Not an independent physical witness
LEGACY-02,L02,duplicate electronic transcript,root/001_v2.txt,source/intake/root/001_v2.txt,unverified,same derivative lineage,duplicate/reference,0855bf2bdd2e375270d61b7c95fa8e741c1feff175d647ecf294f611ad37fe2c,https://github.com/Lotus-King-Translation/Gongchig-Drelwa/blob/063eb57bc01767fe1a33d8db50074ca936086f56/root/001_v2.txt,whole text,Not an independent physical witness
LEGACY-03,L03,tokenized derivative transcription,root/001.tok,source/intake/root/001.tok,unverified,same derivative lineage,tokenization evidence,f5be5dc29d52bef632ceec91e8ef97e9ed1923576ccda976cd7b6328a1b3187f,https://github.com/Lotus-King-Translation/Gongchig-Drelwa/blob/063eb57bc01767fe1a33d8db50074ca936086f56/root/001.tok,whole text,Not an independent physical witness
LEGACY-04,L04,tokenized source with human translation,wip/en/001.po,source/intake/wip/en/001.po,unverified,same derivative lineage,human English reference and UUID alignment,11f9e4abb30fc437ee0cef8bd679c7eefd7dc65678771bae0a14af9b51ad1af6,https://github.com/Lotus-King-Translation/Gongchig-Drelwa/blob/063eb57bc01767fe1a33d8db50074ca936086f56/wip/en/001.po,whole text,Not an independent physical witness
LEGACY-05,L05,tokenized source with Tibetan target/reference,wip/bo/001.po,source/intake/wip/bo/001.po,unverified,same derivative lineage,comparison evidence and UUID alignment,9ae6881654648b1d068178db93a55ef3b5890453a9b192f9f8ebf3af641576a1,https://github.com/Lotus-King-Translation/Gongchig-Drelwa/blob/063eb57bc01767fe1a33d8db50074ca936086f56/wip/bo/001.po,whole text,Not an independent physical witness
LEGACY-06,L06,workflow evidence,scripts/sentences_to_transifex.py,source/intake/scripts/sentences_to_transifex.py,unverified,same derivative lineage,provenance,1942eb5446ff73bfaf326cc478205daec970a8d9ff3ccd862f79d6e95f5f583e,https://github.com/Lotus-King-Translation/Gongchig-Drelwa/blob/063eb57bc01767fe1a33d8db50074ca936086f56/scripts/sentences_to_transifex.py,workflow,Not an independent physical witness
LEGACY-07,L07,workflow evidence,scripts/export_to_csv.py,source/intake/scripts/export_to_csv.py,unverified,same derivative lineage,provenance,bc9408a7303078004fe279e09982f0de382a89f44c1e89c007d61dbc8e522e26,https://github.com/Lotus-King-Translation/Gongchig-Drelwa/blob/063eb57bc01767fe1a33d8db50074ca936086f56/scripts/export_to_csv.py,workflow,Not an independent physical witness
LEGACY-08,L08,workflow evidence,scripts/export_to_html.py,source/intake/scripts/export_to_html.py,unverified,same derivative lineage,provenance,ded240161943be1e5781fe29fe2069fe304d82b21babbd30008f4b0d5cdb280e,https://github.com/Lotus-King-Translation/Gongchig-Drelwa/blob/063eb57bc01767fe1a33d8db50074ca936086f56/scripts/export_to_html.py,workflow,Not an independent physical witness
LEGACY-09,L09,workflow evidence,README.md,source/intake/README.md,unverified,same derivative lineage,provenance,9cb6038624f72b3768a000c8bd3c45b1ef3e40759a06ecb28beba1e9b6534686,https://github.com/Lotus-King-Translation/Gongchig-Drelwa/blob/063eb57bc01767fe1a33d8db50074ca936086f56/README.md,workflow,Not an independent physical witness
