Tibetan,English,Meaning and scope,Allowed grammatical forms,Contextual exceptions,Related entries,Rationale and sources,Status and open questions
སྒྲ་,Sound,Acoustic sound in literary title imagery.,,Word remains governing for linguistic words; acoustic use only.,Existing Word entry,U00001; N-A-001; avoids misleading drum-word.,PROPOSED ONLY; requires explicit approval; active glossary unchanged.
རྒྱུད་སྡེ་,Tantra classes,"Classes of tantric scripture, not a sentient continuum.",tantra; tantras when text titles/classes are explicit,,Continuum,N-A-003; N-A-093,PROPOSED ONLY; requires explicit approval; active glossary unchanged.
ཐུགས་,Awakened mind,Honorific Buddha/guru mental activity.,,"Honorific address to an unawakened hearer may require mind, not awakened mind; N-A-108.",Ordinary mind; Mental faculty; Enlightened intent,N-A-006; N-A-108,PROPOSED ONLY; requires explicit approval; active glossary unchanged.
ཐུགས་བསྐྱེད་,Awakening intention,Honorific generation of the intention to awaken.,,,Ordinary mind of awakening,N-A-010,PROPOSED ONLY; requires explicit approval; active glossary unchanged.
གཞི་,Basis,"Support, ethical action basis, or ordinary analogy; not ontological Ground.",,Do not alter The Ground in its established ontological scope.,The Ground,N-A-018; N-A-070; N-A-107,PROPOSED ONLY; requires explicit approval; active glossary unchanged.
སེམས་ཙམ་,Ordinary Mind Only,Name of the philosophical school or system.,,,Ordinary mind,N-A-031; N-A-069,PROPOSED ONLY; requires explicit approval; active glossary unchanged.
སྙིང་རྗེ་,Compassion,Concern for suffering beings.,,Keep distinct from thugs rje.,Compassionate responsiveness,N-A-048,PROPOSED ONLY; requires explicit approval; active glossary unchanged.
བྱང་ཆུབ་སེམས་,Ordinary mind of awakening,The awakening intention; includes genitival byang chub kyi sems.,ordinary mind [of awakening] when the qualifier is materially supplied,,Ordinary mind,N-A-054; N-A-084,PROPOSED ONLY; requires explicit approval; active glossary unchanged.
བྱང་ཆུབ་སེམས་དཔའ་,Bodhisattva,"Whole-expression practitioner name, including byang sems where context denotes a person.",bodhisattvas,,Ordinary mind of awakening,N-A-054; N-A-094,PROPOSED ONLY; requires explicit approval; active glossary unchanged.
ལྷའི་ང་རྒྱལ་,Divine identity,Tantric deity identification rather than ordinary conceit.,,,,N-A-057,PROPOSED ONLY; requires explicit approval; active glossary unchanged.
སེམས་བྱུང་,Mental factor,Abhidharma factor associated with ordinary mind.,mental factors,,Ordinary mind,N-A-070,PROPOSED ONLY; requires explicit approval; active glossary unchanged.
རྣམ་པར་རིག་བྱེད་མིན་པའི་གཟུགས་,Non-informative form,Abhidharma avijñapti form in the Vinaya vow analysis; contracted source variants present.,non-informative,,Informative form,N-A-073; N-A-103,PROPOSED ONLY; requires explicit approval; active glossary unchanged.
རྣམ་པར་རིག་བྱེད་,Informative,"Abhidharma vijñapti, particularly informative form.",,,Non-informative form,U01338; N-A-103,PROPOSED ONLY; requires explicit approval; active glossary unchanged.
ཡིད་ལུས་,Mental-faculty body,Body described in the intermediate state.,,,Mental faculty; Intermediate state,N-A-073,PROPOSED ONLY; requires explicit approval; active glossary unchanged.
མི་ཆོས་,Human principles,The sixteen ethical principles discussed in relation to the three vows.,,,Spiritual Dharma,N-A-085,PROPOSED ONLY; requires explicit approval; active glossary unchanged.
ལྷ་ཆོས་,Spiritual Dharma,Religious Dharma contrasted with human principles; not confined to gods.,,,Human principles,N-A-085,PROPOSED ONLY; requires explicit approval; active glossary unchanged.
བསྐྱེད་རིམ་,Generation stage,Tantric practice stage.,,,Completion stage,N-A-091,PROPOSED ONLY; requires explicit approval; active glossary unchanged.
རྫོགས་རིམ་,Completion stage,Tantric practice stage.,,,Generation stage,N-A-091,PROPOSED ONLY; requires explicit approval; active glossary unchanged.
སྦྱོར་དྲུག་,Six applications,Sixfold tantric practice classification; exact system is not expanded in passage.,,,,N-A-091,PROPOSED ONLY; requires explicit approval; active glossary unchanged.
སོ་སོར་ཐར་པ་,Individual liberation,Prātimokṣa including abbreviated so thar.,vows of individual liberation,,,U01241–U01246; U01685,PROPOSED ONLY; requires explicit approval; active glossary unchanged.
ལུང་མ་བསྟན་,Unanswered,"Questions left unanswered, distinct from meditative or ethical neutrality.",,Only in the explicit unanswered-question context; ethical neutrality retained as Stagnant neutrality in this draft.,Stagnant neutrality,N-A-052,PROPOSED ONLY; requires explicit approval; active glossary unchanged.
དྲན་པ་,Remembering,"Ordinary episodic remembering, distinguished from technical mindfulness.",remember; remembers; remembered,Mindfulness remains established for technical practice.,Mindfulness,N-A-007,PROPOSED ONLY; requires explicit approval; active glossary unchanged.
